post_time,like_count
1726654156,4
1726652060,35
1726642800,3
1726638060,8
1726632300,51
1726628700,57
1726602410,73
1726596300,64
1726595999,51
1726592400,6
1726588920,16
1726584300,13
1726583909,78
1726577947,8
1726574813,11
1726569916,348
1726567166,62
1726557498,45
1726549200,8
1726547460,29
1726545900,44
1726542300,98
1726517565,258
1726516859,32
1726515504,101
1726515000,11
1726510200,7
1726509979,260
1726506600,11
1726506300,171
1726505769,43
1726505575,10
1726502400,10
1726499100,8
1726498958,248
1726498500,138
1726496400,31
1726493400,7
1726493009,30
1726490100,51
1726489489,26
1726484760,10
1726483537,93
1726480500,7
1726470002,48
1726468697,13
1726463100,354
1726459500,268
1726455900,98
1726433930,217
1726431046,162
1726430156,50
1726429729,38
1726426949,30
1726422627,98
1726421019,9
1726420087,43
1726417200,196
1726416223,85
1726412400,37
1726409717,602
1726402405,489
1726397190,261
1726392600,4
1726389397,14
1726387200,12
1726380060,322
1726376460,50
1726373102,130
1726369800,87
1726345378,256
1726344498,100
1726341306,2525
1726337400,1535
1726337158,25
1726333500,7
1726329600,10
1726329000,125
1726328344,944
1726327346,188
1726323600,230
1726322640,89
1726322401,142
1726318800,3
1726316100,43
1726315500,163
1726314863,38
1726309800,7
1726309471,10
1726309311,147
1726308663,17
1726305000,2
1726304510,43
1726304070,26
1726301837,92
1726297201,65
1726295460,338
1726293900,181
1726290300,27
1726286700,128
1726283100,85
1726257675,179
1726257151,12
1726255331,14
1726250700,13
1726250400,49
1726247460,5
1726247003,74
1726243800,4
1726243380,63
1726240500,12
1726240440,84
1726240226,49
1726239592,41
1726236300,5
1726234520,29
1726233180,40
1726233128,29
1726232401,15
1726228801,3
1726225200,3
1726220100,4
1726217045,85
1726212600,5
1726210200,4
1726209900,19
1726209600,35
1726207200,0
1726205400,5
1726203660,46
1726200300,1094
1726196700,135
1726172858,42
1726169848,191
1726164892,217
1726161540,5
1726160993,313
1726157100,11
1726153500,10
1726150500,19
1726150003,113
1726146001,30
1726144234,67
1726143454,25
1726135762,83
1726134179,253
1726127160,15
1726126200,16
1726122600,5
1726119000,8
1726117200,15
1726113900,135
1726110300,121
1726084435,53
1726083216,114
1726081528,77
1726077593,13
1726075141,43
1726075002,38
1726070700,3
1726070401,127
1726066800,19
1726063500,26
1726062900,55
1726062360,84
1726058379,18
1726054966,15
1726051454,136
1726046411,73
1726041600,11
1726038000,7
1726036200,10
1726032420,33
1726030710,1678
1726027500,121
1726023900,111
1725998040,238
1725996706,361
1725991800,3
1725991336,62
1725989742,13
1725987834,36
1725984300,12
1725980400,4
1725980220,86
1725979874,62
1725976801,8
1725975601,6
1725972662,11
1725965595,213
1725959700,3
1725959106,89
1725958763,120
1725955200,3
1725951601,21
1725947400,3
1725944401,1
1725943200,71
1725941100,66
1725937500,124
1725911943,27
1725909600,166
1725909139,223
1725905362,7
1725905253,54
1725901500,4
1725901417,21
1725901149,734
1725896100,19
1725892200,9
1725889465,14
1725885207,69
1725876016,58
1725872194,40
1725865200,3
1725859800,73
1725858001,33
1725854700,370
1725851100,170
1725826770,6
1725824960,58
1725823775,36
1725822000,10
1725819000,3
1725815700,17
1725815400,182
1725811800,9
1725811020,8
1725810468,2828
1725810321,139
1725809400,6
1725807601,35
1725805625,47
1725804000,6
1725797742,14
1725794100,4
1725793200,19
1725789884,27
1725786985,70
1725782401,7
1725781014,10
1725780752,7
1725776100,4
1725771900,89
1725768540,79
1725765000,98
1725738910,12
1725736281,282
1725732182,13
1725731867,140
1725728400,19
1725724860,30
1725724500,187
1725724200,35
1725721260,6
1725720600,6
1725717600,14
1725713882,29
1725710198,168
1725706800,4
1725697759,87
1725692401,7
1725690720,325
1725688860,20
1725687000,87
1725684000,4
1725681900,20
1725678300,100
1725657961,313
1725652753,34
1725650817,63
1725649836,14
1725645000,5
1725642000,16
1725637500,6
1725637137,208
1725634800,4
1725631200,11
1725627300,4
1725627296,35
1725622800,27
1725621890,11
1725617524,174
1725610321,123
1725606001,6
1725605700,78
1725602401,6
1725599100,149
1725596460,148
1725595260,135
1725591900,111
1725565668,432
1725563138,1485
1725558776,167
1725553800,9
1725552000,13
1725551232,102
1725546300,4
1725546060,67
1725543000,16
1725542696,28
1725539220,41
1725537134,10
1725534000,11
1725533325,107
1725530619,189
1725530091,265
1725526860,3
1725523200,16
1725519600,10
1725517500,119
1725513900,4
1725513300,35
1725509100,64
1725505500,126
1725482915,15
1725480507,119
1725478453,78
1725473700,25
1725473400,24
1725465167,41
1725461700,70
1725459821,2
1725459784,69
1725444996,26
1725442107,158
1725437497,276
1725434239,140
1725433753,87
1725430626,123
1725426600,346
1725423000,247
1725419100,108
1725396077,54
1725388284,4
1725385380,218
1725384693,172
1725367275,17
1725357000,172
1725356400,16
1725355699,23
1725350967,9
1725345726,53
1725339985,254
1725336300,127
1725332700,80
1725304106,90
1725303402,79
1725300411,40
1725300225,10
1725296700,458
1725287696,51
1725283803,39
1725281997,893
1725276691,238
1725269943,19
1725269357,507
1725265515,21
1725260100,150
1725248400,14
1725246300,171
1725220800,256
1725217714,541
1725216671,12
1725212990,138
1725208702,10
1725206824,278
1725189623,23
1725188230,102
1725182563,116
1725170401,106
1725167640,18
1725166860,31
1725163500,145
1725160200,122
1725135969,42
1725135170,620
1725131383,16
1725130084,15
1725129208,74
1725122570,234
1725121625,170
1725116864,225
1725112587,68
1725111557,33
1725110198,40
1725104280,10
1725101836,14
1725096470,44
1725093443,11
1725085980,74
1725083700,80
1725078900,224
1725076920,331
1725073500,77
1725071700,130
1725063180,24
1725053832,335
1725053259,149
1725051574,525
1725050885,439
1725048780,83
1725047234,176
1725045265,60
1725041460,87
1725041029,33
1725030095,55
1725029478,31
1725014041,25
1725011895,61
1725011115,34
1724991780,147
1724987100,205
1724966361,34
1724960916,187
1724959522,182
1724956061,9
1724954549,613
1724948510,31
1724941489,19
1724941094,9
1724936838,188
1724935379,81
1724928469,113
1724926468,20
1724920200,8
1724914369,429
1724904600,88
1724900700,75
1724876789,182
1724874144,48
1724873916,77
1724871671,36
1724869800,110
1724869008,712
1724864664,127
1724864407,39
1724859910,52
1724847427,28
1724842801,12
1724841638,24
1724839800,107
1724835044,23
1724825400,221
1724818200,18
1724817000,63
1724814300,99
1724796234,16
1724790402,407
1724789089,56
1724786060,140
1724785222,132
1724778000,47
1724772940,53
1724765400,114
1724749888,34
1724744822,37
1724739420,820
1724737020,76
1724734801,28
1724727900,105
1724711099,25
1724703180,593
1724702607,45
1724701504,118
1724700651,182
1724693629,215
1724686020,78
1724684774,39
1724680485,48
1724668223,64
1724666100,41
1724663848,16
1724663665,113
1724661105,833
1724653848,143
1724652608,33
1724652002,29
1724650260,73
1724648401,203
1724646300,197
1724641500,189
1724615260,198
1724612400,599
1724609843,10
1724609600,168
1724605353,821
1724603762,172
1724598242,674
1724590049,274
1724574810,19
1724565900,184
1724562001,36
1724559300,135
1724555100,91
1724529815,116
1724526240,31
1724525163,91
1724523758,5
1724520625,165
1724520254,26
1724515464,37
1724515264,139
1724508778,129
1724490900,72
1724489650,472
1724487243,12
1724472780,1065
1724468700,119
1724444932,54
1724443214,31
1724442084,33
1724439237,485
1724438565,193
1724432400,19
1724428933,6
1724428607,23
1724425135,48
1724415852,87
1724413494,224
1724406868,18
1724403796,204
1724389320,85
1724386500,530
1724382300,141
1724356387,90
1724355000,28
1724351400,103
1724343692,53
1724339624,25
1724339107,117
1724324202,23
1724323314,49
1724307600,204
1724301000,56
1724295900,152
1724272344,183
1724267687,213
1724265034,95
1724264760,39
1724264584,44
1724259420,13
1724249237,42
1724245048,84
1724240571,142
1724239506,19
1724238616,73
1724230071,16
1724221800,13
1724220180,66
1724217780,498
1724214600,727
1724209500,115
1724188727,11
1724184000,197
1724181721,8
1724170926,22
1724170071,410
1724160300,35
1724159700,181
1724155585,58
1724155201,52
1724151380,57
1724149380,37
1724140592,187
1724135400,12
1724132100,48
1724130300,26
1724127060,255
1724123100,127
1724101260,122
1724098104,373
1724092504,8
1724090752,61
1724087937,22
1724079300,38
1724074355,232
1724066352,151
1724065871,25
1724059851,30
1724042220,14
1724040300,201
1724036700,138
1724012760,134
1724009268,9
1724009024,18
1724008190,113
1724004838,44
1723985461,550
1723983608,46
1723978782,51
1723961669,9
1723955580,228
1723950600,177
1723927440,84
1723927080,367
1723926380,76
1723925699,119
1723924500,1211
1723923601,216
1723922331,192
1723916891,137
1723916403,73
1723908913,165
1723896260,384
1723887053,67
1723882486,116
1723874580,19
1723872000,90
1723868700,216
1723864200,109
1723839165,103
1723835354,18
1723828800,30
1723828380,32
1723824300,103
1723824001,30
1723821271,26
1723817247,11
1723807088,370
1723806416,216
1723798078,208
1723793100,16
1723782960,227
1723777500,122
1723777200,28
1723775040,77
1723760659,7
1723749492,52
1723749298,313
1723747200,34
1723732535,8
1723728780,49
1723728046,169
1723719722,358
1723718878,102
1723712237,60
1723698505,62
1723691100,232
1723666627,266
1723658640,29
1723654800,24
1723651275,32
1723640062,13
1723639471,55
1723637797,44
1723632629,33
1723611660,87
1723608300,59
1723604700,88
1723582547,204
1723575619,657
1723570200,9
1723564404,40
1723555519,118
1723546146,7
1723544554,321
1723542630,24
1723535820,13
1723527000,365
1723524900,8
1723522200,300
1723518300,76
1723514400,136
1723504804,153
1723498029,1013
1723497558,226
1723492946,1336
1723491431,60
1723484782,126
1723474052,137
1723472100,8
1723470947,20
1723470914,52
1723459471,23
1723457077,39
1723450484,116
1723438860,135
1723435500,108
1723431900,98
1723401820,102
1723400473,88
1723392351,248
1723391878,46
1723383176,24
1723379982,91
1723365600,2218
1723362817,16
1723362530,166
1723359601,52
1723356001,96
1723352400,24
1723349340,91
1723345500,125
1723320881,124
1723318392,1543
1723315511,82
1723313525,122
1723306666,14
1723301700,45
1723300884,24
1723294891,58
1723291938,9
1723291622,75
1723287212,26
1723277368,198
1723266900,273
1723264860,124
1723262700,163
1723259400,116
1723230680,291
1723216366,46
1723215934,94
1723207029,56
1723200277,1420
1723191363,13
1723181820,41
1723180020,17
1723176180,182
1723172700,110
1723156158,158
1723148700,251
1723148226,95
1723141661,51
1723123660,245
1723121803,213
1723120800,23
1723119690,18
1723119625,40
1723119599,52
1723111734,539
1723106257,19
1723105762,146
1723094100,77
1723090500,37
1723086300,73
1723060734,235
1723060129,668
1723050000,6
1723047974,52
1723046966,199
1723033079,21
1723032244,47
1723026818,70
1723025241,61
1723018785,78
1723014483,1654
1723008120,6
1723007100,31
1723003800,253
1722999900,125
1722977354,327
1722974301,392
1722972302,110
1722968715,333
1722963507,123
1722955977,385
1722955205,130
1722938842,13
1722936194,26
1722934925,140
1722920700,103
1722917700,73
1722913500,110
1722891400,178
1722889455,184
1722886614,51
1722883201,61
1722882083,151
1722869035,240
1722866327,25
1722865533,29
1722863611,50
1722861211,17
1722859735,264
1722853568,14
1722851728,17
1722849622,36
1722834060,56
1722830700,235
1722827100,133
1722804221,122
1722801129,24
1722799649,76
1722797229,263
1722793079,37
1722790200,406
1722769816,9
1722766452,79
1722761898,392
1722754801,12
1722748800,36
1722740700,93
1722717868,195
1722712960,172
1722709452,97
1722707520,181
1722706485,777
1722693246,23
1722690318,5
1722689509,65
1722679838,120
1722665100,332
1722661500,130
1722657900,187
1722654300,167
1722641026,68
1722627661,273
1722627188,580
1722625038,151
1722623023,31
1722617820,694
1722617329,174
1722614368,237
1722609306,412
1722607966,107
1722602754,185
1722600297,7
1722595289,28
1722590381,17
1722589770,354
1722586725,150
1722575100,177
1722571980,265
1722567900,122
1722540969,64
1722531170,443
1722529665,423
1722519860,116
1722513346,58
1722503379,13
1722502890,58
1722502340,361
1722498000,25
1722484860,170
1722481500,219
1722454417,145
1722452920,28
1722447402,49
1722442691,49
1722441683,82
1722428181,45
1722425161,1517
1722416764,132
1722405900,41
1722400500,339
1722398700,183
1722395100,91
1722370812,286
1722368961,79
1722366322,8
1722362869,31
1722362011,39
1722361580,64
1722361340,80
1722353805,30
1722349508,26
1722346724,20
1722334983,26
1722328404,6
1722328140,16
1722317100,348
1722313020,84
1722308700,132
1722288684,13
1722283708,273
1722283307,49
1722281860,28
1722276000,80
1722272739,2350
1722269047,41
1722262367,117
1722254026,72
1722252239,135
1722250300,75
1722239679,546
1722231480,5
1722227820,749
1722226200,257
1722222300,149
1722206099,25
1722197554,399
1722188128,814
1722187156,336
1722184269,185
1722181124,251
1722180052,76
1722178839,255
1722171315,813
1722170942,316
1722161175,821
1722158838,1463
1722157032,298
1722154770,39
1722152775,294
1722151664,518
1722143100,91
1722141000,925
1722139500,672
1722135900,497
1722116916,56
1722112165,120
1722109818,280
1722109308,647
1722103620,111
1722102747,306
1722102061,941
1722101642,221
1722100775,168
1722095949,28
1722095700,213
1722087443,444
1722085746,228
1722081153,45
1722074783,23
1722071700,328
1722068258,22
1722066600,93
1722065348,170
1722064135,257
1722060420,31
1722054780,148
1722052980,233
1722049500,1523
1722046500,165
1722022269,25
1722017871,93
1722013958,69
1722013321,77
1722000840,52
1721999554,56
1721994918,45
1721991051,144
1721983287,37
1721973900,213
1721970060,125
1721966820,235
1721963100,123
1721935640,77
1721934654,21
1721924400,182
1721923065,73
1721922720,80
1721919135,59
1721918939,6
1721916934,104
1721904091,46
1721902500,167
1721899956,38
1721882700,75
1721880300,366
1721876820,173
1721852243,36
1721849562,164
1721840764,128
1721839626,126
1721830500,406
1721829601,30
1721818284,53
1721817414,214
1721810451,36
1721805768,288
1721801100,29
1721797500,200
1721793900,299
1721790300,173
1721763831,43
1721762392,99
1721760335,29
1721756488,222
1721751000,172
1721747260,322
1721738223,262
1721736552,36
1721734393,6
1721726375,25
1721712180,33
1721710801,116
1721703900,83
1721680049,785
1721677867,161
1721676938,148
1721675178,953
1721673665,73
1721673361,132
1721666261,136
1721665049,53
1721659751,31
1721659050,25
1721657392,171
1721653388,37
1721636768,13
1721620800,659
1721617500,124
1721593603,278
1721591962,93
1721587873,55
1721567402,81
1721559131,64
1721556351,51
